{
  "accuracy": [
    0.7913839221000671,
    0.8547018766403198,
    0.8768177628517151,
    0.8917232155799866,
    0.9037203192710876
  ],
  "learning_rate": [
    9.999999747378752e-06,
    9.999999747378752e-06,
    9.999999747378752e-06,
    9.999999747378752e-06,
    9.999999747378752e-06
  ],
  "loss": [
    0.7871222496032715,
    0.5512456893920898,
    0.44697538018226624,
    0.38891521096229553,
    0.3418906033039093
  ],
  "val_accuracy": [
    0.8624030947685242,
    0.8774224519729614,
    0.8909883499145508,
    0.9011628031730652,
    0.9098837375640869
  ],
  "val_loss": [
    0.4952302873134613,
    0.4085957109928131,
    0.34609904885292053,
    0.30827444791793823,
    0.2771628797054291
  ]
}