{
  "accuracy": [
    0.3926926851272583,
    0.6397842764854431,
    0.7300048470497131,
    0.7674503326416016,
    0.7908991575241089,
    0.8124697208404541,
    0.8277387022972107,
    0.8356761932373047,
    0.8451890349388123,
    0.8536718487739563
  ],
  "learning_rate": [
    9.999999747378752e-05,
    9.999999747378752e-05,
    9.999999747378752e-05,
    9.999999747378752e-05,
    9.999999747378752e-05,
    9.999999747378752e-05,
    9.999999747378752e-05,
    9.999999747378752e-05,
    9.999999747378752e-05,
    9.999999747378752e-05
  ],
  "loss": [
    2.0614216327667236,
    1.39200758934021,
    1.08633291721344,
    0.919427752494812,
    0.8111249208450317,
    0.7289667725563049,
    0.6655611395835876,
    0.6239292025566101,
    0.5774699449539185,
    0.546811044216156
  ],
  "val_accuracy": [
    0.6744186282157898,
    0.7461240291595459,
    0.7795542478561401,
    0.7960271239280701,
    0.819767415523529,
    0.8367248177528381,
    0.8430232405662537,
    0.8498061895370483,
    0.854651153087616,
    0.8628876209259033
  ],
  "val_loss": [
    1.5589239597320557,
    1.150668978691101,
    0.9390404224395752,
    0.8132131695747375,
    0.7213894128799438,
    0.6567012071609497,
    0.6061766147613525,
    0.5657239556312561,
    0.5344371795654297,
    0.5046583414077759
  ]
}